privateQuery,scrambledQuery,score
wedding budget calculator,parent bride parent rare parent realistic expectation dollar amount,1
wedding budget calculator,loan mortgage guest book rating description bridesmaid dresse shoe,1
wedding budget calculator,Krieger Murdoch Cake,1
wedding budget calculator,parent bride parent cost comfortable realistic expectation trim expense,1
wedding budget calculator,parent bride parent trim expense dollar amount,1
wedding budget calculator,parent bride parent realistic expectation free online guide trim expense,1
wedding budget calculator,realistic scope Afterall,1
wedding budget calculator,bridesmaid dresse shoe tag created coloured shoe guest book loan mortgage,1
wedding budget calculator,realistic Afterall starting,1
wedding budget calculator,afford amount overall couples,1
wedding budget calculator,aim refine Afterall,1
wedding budget calculator,bridesmaid dresse shoe loan mortgage,1
wedding budget calculator,bridesmaid dresse shoe guest book loan mortgage,1
wedding budget calculator,bridesmaid dresse shoe coloured shoe guest book loan mortgage,1
wedding budget calculator,Fiume Efffetti Tuscany,1
wedding budget calculator,Fiume Monza,1
wedding budget calculator,Expense Copy FAQ,1
wedding budget calculator,Hayward Sue cake,1
wedding budget calculator,Expense By copy,1
wedding budget calculator,Efffetti Fiume Pitti,1
wedding budget calculator,Tuscany vows Monza,1
wedding budget calculator,cover realistic Afterall,1
wedding budget calculator,term use bridesmaid dresse shoe coloured shoe horror storie astronomical bill people,1
wedding budget calculator,Clings WM Candy,1
wedding budget calculator,spend Afterall begin,1
wedding budget calculator,Krieger Pitti,1
wedding budget calculator,reception ideas vendors registry,1
wedding budget calculator,parent bride parent alan allport webmaster http,1
wedding budget calculator,bridesmaid dresse shoe term use loan mortgage,1
wedding budget calculator,Monza Pitti,1
wedding budget calculator,cost comfortable rare parent trim expense loan mortgage realistic expectation dollar amount,1
wedding budget calculator,cost comfortable realistic expectation trim expense,1
wedding budget calculator,registry songs guest reception vendors planner,1
wedding budget calculator,Copy 2013 expense,1
wedding budget calculator,bridesmaid dresse shoe term use coloured shoe send feedback loan mortgage,1
wedding budget calculator,registry songs reception vendors planner,1
wedding budget calculator,A WeddingMuseum,0
wedding budget calculator,WeddingMuseumcom WeddingMuseum,0
wedding budget calculator,Monza Pitti Tuscany,1
wedding budget calculator,rating description bridesmaid dresse shoe coloured shoe send feedback loan mortgage,1
wedding budget calculator,Efffetti Fiume Monza,1
wedding budget calculator,Decorations Markers Confetti,1
wedding budget calculator,rare parent trim expense,1
wedding budget calculator,Fiume Monza Murdoch,1
wedding budget calculator,Efffetti Tuscany Pitti,1
wedding budget calculator,realistic Afterall expenses,1
wedding budget calculator,free online guide cost comfortable rare parent trim expense,1
wedding budget calculator,afford spend Allport reception,1
wedding budget calculator,rare parent realistic expectation free online guide trim expense,1
wedding budget calculator,afford bride Allport,1
wedding budget calculator,loan mortgage tag created term use bridesmaid dresse shoe,1
wedding budget calculator,Spreadsheet Planner,1
wedding budget calculator,unpatterned bridesmaid suitable,1
wedding budget calculator,vows Pitti Italy,1
wedding budget calculator,realistic Afterall begin,1
wedding budget calculator,Efffetti Pitti,1
wedding budget calculator,Allport It Afterall,1
wedding budget calculator,amount Allport spend reception,1
wedding budget calculator,Fiume Murdoch Tuscany,1
wedding budget calculator,cost comfortable realistic expectation dollar amount trim expense,1
wedding budget calculator,sophisticated unpatterned bridesmaid,1
wedding budget calculator,amount afford Allport reception,1
wedding budget calculator,proportion obnoxious grooms,1
wedding budget calculator,loan mortgage term use bridesmaid dresse shoe coloured shoe,1
wedding budget calculator,cover Afterall begin,1
wedding budget calculator,loan mortgage guest book send feedback bridesmaid dresse shoe,1
wedding budget calculator,Allport Afterall life,1
wedding budget calculator,2006 Copy 2013,1
wedding budget calculator,bride amount afford Allport,1
wedding budget calculator,expense Copy cost,1
wedding budget calculator,bride alter processional,1
wedding budget calculator,Fiume Pitti Monza,1
wedding budget calculator,parent bride parent rare parent realistic expectation trim expense,1
wedding budget calculator,bride Allport eat reception,1
wedding budget calculator,WeddingMuseumcom WeddingMuseum In,0
wedding budget calculator,Krieger Cake Pitti,1
wedding budget calculator,registry reception vendors,1
wedding budget calculator,bridesmaid dresse shoe coloured shoe send feedback loan mortgage,1
wedding budget calculator,paper spend Afterall,1
wedding budget calculator,Expense Copy,1
wedding budget calculator,cost comfortable rare parent dollar amount trim expense,1
wedding budget calculator,Expense Copy By,1
wedding budget calculator,Expenses copy,1
wedding budget calculator,parent bride parent cost comfortable rare parent trim expense dollar amount,1
wedding budget calculator,bride amount afford Allport spend reception,1
wedding budget calculator,Krieger planners Tuscany,1
wedding budget calculator,Copy FAQ expense,1
wedding budget calculator,rating description bridesmaid dresse shoe term use coloured shoe loan mortgage,1
wedding budget calculator,move WM Confetti,1
wedding budget calculator,bridesmaid dresse shoe coloured shoe horror storie astronomical bill people,1
wedding budget calculator,rating description bridesmaid dresse shoe coloured shoe loan mortgage,1
wedding budget calculator,free online guide rare parent trim expense dollar amount,1
wedding budget calculator,parent bride parent cost comfortable realistic expectation,1
wedding budget calculator,afford Allport reception,1
wedding budget calculator,Copy By expense,1
wedding budget calculator,parent bride parent cost comfortable rare parent trim expense loan mortgage dollar amount,1
wedding budget calculator,Expense copy,1
wedding budget calculator,Fiume vows Monza,1
wedding budget calculator,Krieger Pitti Tuscany,1
wedding budget calculator,ClearSky attire videographers,1
wedding budget calculator,bridesmaid dresse shoe coloured shoe loan mortgage,1
wedding budget calculator,Sue Hayward tips,1
wedding budget calculator,vows Efffetti,1
wedding budget calculator,cost 2006 Copy,1
wedding budget calculator,bride Processional alter,1
wedding budget calculator,Efffetti Fiume,1
wedding budget calculator,bride afford Allport reception,1
wedding budget calculator,vendors guest registry planner,1
wedding budget calculator,Efffetti Tuscany Monza,1
wedding budget calculator,afford bride Allport eat,1
wedding budget calculator,cost 2013 expense,1
wedding budget calculator,Murdoch Pitti Tuscany,1
wedding budget calculator,factor approache term use coloured shoe guest book loan mortgage,1
wedding budget calculator,ClearSky Climate videographers,1
wedding budget calculator,free online guide rare parent realistic expectation dollar amount,1
wedding budget calculator,stomach obnoxious grooms,1
wedding budget calculator,Tuscany Fiume Monza,1
wedding budget calculator,parent bride parent realistic expectation dollar amount,1
wedding budget calculator,bride amount Allport,1
wedding budget calculator,term use coloured shoe horror storie astronomical bill people,1
wedding budget calculator,term use horror storie astronomical bill people loan mortgage,1
wedding budget calculator,vows Fiume Pitti,1
wedding budget calculator,ideas vendors registry planner,1
wedding budget calculator,rare parent dollar amount trim expense,1
wedding budget calculator,parent bride parent realistic expectation trim expense loan mortgage,1
wedding budget calculator,vows Pitti Monza,1
wedding budget calculator,loan Sue cake,1
wedding budget calculator,Allport Afterall starting,1
wedding budget calculator,bridesmaid dresse shoe tag created loan mortgage,1
wedding budget calculator,Krieger Efffetti,1
wedding budget calculator,WM Markers Confetti,1
wedding budget calculator,vows Karen Wise,1
wedding budget calculator,bridesmaid dresse shoe tag created coloured shoe send feedback loan mortgage,1
wedding budget calculator,realistic aim Afterall,1
wedding budget calculator,Fiume Pitti Efffetti Tuscany,1
wedding budget calculator,bridesmaid dresse shoe send feedback loan mortgage,1
wedding budget calculator,loan Hayward Sue,1
wedding budget calculator,free online guide cost comfortable rare parent trim expense dollar amount,1
wedding budget calculator,ClearSky amout,1
wedding budget calculator,bride Allport spend reception,1
wedding budget calculator,parent bride parent cost comfortable loan mortgage realistic expectation dollar amount,1
wedding budget calculator,copy expense,1
wedding budget calculator,vows Pitti send,1
wedding budget calculator,loan mortgage tag created factor approache coloured shoe,1
wedding budget calculator,cover refine Afterall,1
wedding budget calculator,bridesmaid dresse shoe factor approache guest book loan mortgage,1
wedding budget calculator,factor approache coloured shoe loan mortgage,1
wedding budget calculator,afford parents overall couples,1
wedding budget calculator,loan mortgage guest book factor approache coloured shoe,1
wedding budget calculator,coloured shoe horror storie astronomical bill people,1
wedding budget calculator,parent bride parent realistic expectation dollar amount free online guide,1
wedding budget calculator,bridesmaid dresse shoe term use coloured shoe guest book loan mortgage,1
wedding budget calculator,Krieger Cake Tuscany,1
wedding budget calculator,Tuscany Fiume Pitti Monza,1
wedding budget calculator,parent bride parent rare parent dollar amount trim expense,1
wedding budget calculator,WeddingMuseum,0
wedding budget calculator,Krieger Pitti Efffetti,1
wedding budget calculator,bridesmaid dresse shoe tag created coloured shoe loan mortgage,1
wedding budget calculator,Fiume Monza Efffetti Tuscany,1
wedding budget calculator,rare parent trim expense realistic expectation dollar amount,1
wedding budget calculator,Allport Afterall,1
wedding budget calculator,Allport doesnt expenses,1
wedding budget calculator,rare parent free online guide trim expense,1
wedding budget calculator,Monza Pitti Efffetti Tuscany,1
wedding budget calculator,WeddingMuseum In,0
wedding budget calculator,cost 2006 expense,1
wedding budget calculator,parent bride parent rare parent trim expense loan mortgage realistic expectation,1
wedding budget calculator,vows Pitti Wise,1
wedding budget calculator,parent bride parent cost comfortable trim expense,1
wedding budget calculator,Monthly spreadsheet worksheet,1
wedding budget calculator,By copy expense,1
wedding budget calculator,parent bride parent free online guide cost comfortable rare parent dollar amount,1
wedding budget calculator,afford spend overall couples,1
wedding budget calculator,realistic expectation dollar amount trim expense,1
wedding budget calculator,guest book bridesmaid dresse shoe coloured shoe horror storie astronomical bill people,1
wedding budget calculator,factor approache term use coloured shoe loan mortgage,1
wedding budget calculator,Expense FAQ copy,1
wedding budget calculator,parent bride parent cost comfortable trim expense loan mortgage dollar amount,1
wedding budget calculator,Brides etc demand,1
wedding budget calculator,parent bride parent rare parent trim expense realistic expectation dollar amount,1
wedding budget calculator,dress Sue Hayward,1
wedding budget calculator,vows Italy tool,1
wedding budget calculator,Fiume Murdoch,1
wedding budget calculator,Fiume vows Tuscany,1
wedding budget calculator,Fiume Monza Pitti Efffetti Tuscany,1
wedding budget calculator,horror storie astronomical bill people loan mortgage,1
wedding budget calculator,spend Afterall type,1
wedding budget calculator,bride amount Allport spend,1
wedding budget calculator,realistic refine Afterall,1
wedding budget calculator,vows form Pitti,1
wedding budget calculator,Expenses Copy,1
wedding budget calculator,rare parent realistic expectation dollar amount,1
wedding budget calculator,realistic Afterall setting,1
wedding budget calculator,reception vendors guest registry,1
wedding budget calculator,bridesmaid dresse shoe term use guest book loan mortgage,1
wedding budget calculator,cost comfortable rare parent realistic expectation trim expense,1
wedding budget calculator,parent bride parent cost comfortable dollar amount trim expense,1
wedding budget calculator,vows Pitti free,1
wedding budget calculator,parent bride parent realistic expectation dollar amount trim expense,1
wedding budget calculator,Copy cost 2013,1
wedding budget calculator,bridesmaid dresse shoe horror storie astronomical bill people,1
wedding budget calculator,Decorations Clings Markers Confetti,1
wedding budget calculator,WeddingMuseumcom ClearSky amout,0
wedding budget calculator,free online guide rare parent trim expense realistic expectation dollar amount,1
wedding budget calculator,unpatterned Millen,1
wedding budget calculator,monthly spreadsheet worksheet,1
wedding budget calculator,Tuscany vows Pitti Monza,1
wedding budget calculator,amount Allport reception,1
wedding budget calculator,loan mortgage guest book horror storie astronomical bill people,1
wedding budget calculator,loan mortgage rating description bridesmaid dresse shoe,1
wedding budget calculator,bride Allport reception amount,1
wedding budget calculator,bridesmaid dresse shoe tag created term use coloured shoe loan mortgage,1
wedding budget calculator,Allport Afterall overstretching,1
wedding budget calculator,afford spend bride amount,1
wedding budget calculator,bride afford Allport spend,1
wedding budget calculator,expense 2006 2013,1
wedding budget calculator,A WeddingMuseum In,0
wedding budget calculator,afford aim Afterall,1
wedding budget calculator,amount afford spend reception,1
wedding budget calculator,loan mortgage rating description term use bridesmaid dresse shoe,1
wedding budget calculator,bridesmaid dresse shoe factor approache coloured shoe loan mortgage,1
wedding budget calculator,songs vendors planner,1
wedding budget calculator,cost 2006 2013,1
wedding budget calculator,amount afford Allport spend reception,1
wedding budget calculator,cost comfortable rare parent dollar amount,1
wedding budget calculator,loan mortgage rating description tag created bridesmaid dresse shoe,1
wedding budget calculator,Monza Efffetti,1
wedding budget calculator,Allport spend reception,1
wedding budget calculator,registry reception vendors planner,1
wedding budget calculator,parent bride parent cost comfortable trim expense loan mortgage realistic expectation dollar amount,1
wedding budget calculator,parent bride parent free online guide rare parent trim expense dollar amount,1
wedding budget calculator,refine Afterall expenses,1
wedding budget calculator,rating description bridesmaid dresse shoe factor approache term use coloured shoe guest book,1
wedding budget calculator,bridesmaid dresse shoe tag created guest book loan mortgage,1
wedding budget calculator,parent bride parent cost comfortable trim expense loan mortgage realistic expectation,1
wedding budget calculator,parent bride parent free online guide cost comfortable trim expense,1
wedding budget calculator,free online guide trim expense realistic expectation dollar amount,1
wedding budget calculator,spend Allport reception eat,1
wedding budget calculator,toppers unity ncluding,1
wedding budget calculator,attire offsets videographers,1
wedding budget calculator,parent bride parent rare parent trim expense loan mortgage realistic expectation dollar amount,1
wedding budget calculator,loan Hayward cake,1
wedding budget calculator,Krieger Murdoch Pitti,1
wedding budget calculator,parent bride parent cost comfortable realistic expectation dollar amount,1
wedding budget calculator,afford Allport eat reception,1
wedding budget calculator,spend refine Afterall,1
wedding budget calculator,registry ideas reception vendors planner,1
wedding budget calculator,parent bride parent cost comfortable rare parent trim expense,1
wedding budget calculator,ClearSky carbon videographers,1
wedding budget calculator,Krieger Cake Efffetti,1
wedding budget calculator,vows Monza,1
wedding budget calculator,spend Afterall setting,1
wedding budget calculator,2006 Copy expense,1
wedding budget calculator,spend bride Allport,1
wedding budget calculator,Tuscany vows Pitti,1
wedding budget calculator,realistic spend Afterall,1
wedding budget calculator,afford paper Afterall,1
wedding budget calculator,reception vendors guest planner,1
wedding budget calculator,Allport Afterall doesnt,1
wedding budget calculator,rating description bridesmaid dresse shoe tag created coloured shoe loan mortgage,1
wedding budget calculator,Decorations Clings Scoops Confetti,1
wedding budget calculator,Hayward dress cake,1
wedding budget calculator,Efffetti Tuscany vows Pitti,1
wedding budget calculator,bridesmaid dresse shoe factor approache loan mortgage,1
wedding budget calculator,vows Wise Andrea,1
wedding budget calculator,Fiume Pitti Tuscany,1
wedding budget calculator,amount afford Allport eat,1
wedding budget calculator,vows draft Italy,1
wedding budget calculator,rating description factor approache coloured shoe loan mortgage,1
wedding budget calculator,parent bride parent trim expense realistic expectation,1
wedding budget calculator,expense Copy,1
wedding budget calculator,free online guide cost comfortable trim expense dollar amount,1
wedding budget calculator,sponge bridesmaids memento,1
wedding budget calculator,rare parent trim expense realistic expectation,1
wedding budget calculator,registry guest reception vendors planner,1
wedding budget calculator,cost comfortable rare parent trim expense,1
wedding budget calculator,parent bride parent free online guide cost comfortable rare parent trim expense,1
wedding budget calculator,coloured shoe horror storie astronomical bill people guest book,1
wedding budget calculator,loan mortgage term use bridesmaid dresse shoe factor approache,1
wedding budget calculator,rare parent trim expense loan mortgage realistic expectation dollar amount,1
wedding budget calculator,unpatterned Millen lightercoloured,1
wedding budget calculator,vows Pitti Karen,1
wedding budget calculator,sponge memento buffet,1
wedding budget calculator,FAQ copy expense,1
wedding budget calculator,parent bride parent trim expense loan mortgage realistic expectation dollar amount,1
wedding budget calculator,free online guide cost comfortable rare parent dollar amount,1
wedding budget calculator,reception vendors planner,1
wedding budget calculator,Krieger Pitti We,1
wedding budget calculator,Efffetti Pitti Monza,1
wedding budget calculator,loan mortgage send feedback factor approache coloured shoe,1
wedding budget calculator,Fiume Monza Pitti Efffetti,1
wedding budget calculator,parent bride parent free online guide cost comfortable realistic expectation,1
wedding budget calculator,rating description coloured shoe guest book loan mortgage,1
wedding budget calculator,unpatterned bridesmaid Karen,1
wedding budget calculator,vows Monza Italy,1
wedding budget calculator,Confetti Decorations Clings sampling,1
wedding budget calculator,parent bride parent cost comfortable rare parent realistic expectation,1
wedding budget calculator,parent bride parent realistic expectation source gen trim expense,1
